{
    "loss": 0.6053208708763123,
    "accuracy": 0.931034505367279
}