{
    "loss": 0.7851951122283936,
    "accuracy": 0.9396551847457886
}